{"stats":{"minecraft:killed":{"minecraft:pig":12,"minecraft:salmon":1,"minecraft:spider":2,"minecraft:wandering_trader":1,"minecraft:skeleton":1,"minecraft:sheep":20,"minecraft:trader_llama":2,"minecraft:zombie":1,"minecraft:bee":1,"minecraft:chicken":8,"minecraft:cow":19},"minecraft:killed_by":{"minecraft:creeper":1},"minecraft:dropped":{"minecraft:gravel":10,"minecraft:wheat_seeds":4,"minecraft:cooked_beef":13,"minecraft:oak_fence":36,"minecraft:feather":5,"minecraft:cobblestone":28,"minecraft:rotten_flesh":3,"minecraft:granite":1,"minecraft:azure_bluet":1,"minecraft:dirt":942,"minecraft:oak_fence_gate":1,"minecraft:gray_wool":1,"minecraft:shield":1,"minecraft:oak_sapling":4,"minecraft:spider_eye":2,"minecraft:sunflower":3,"minecraft:beef":3,"minecraft:string":1,"minecraft:black_wool":2,"minecraft:dandelion":2},"minecraft:mined":{"minecraft:farmland":26,"minecraft:dandelion":2,"minecraft:cornflower":1,"minecraft:oak_fence":38,"minecraft:crafting_table":2,"minecraft:blast_furnace":2,"minecraft:grass_block":558,"minecraft:lectern":1,"minecraft:tall_grass":31,"minecraft:wall_torch":4,"minecraft:furnace":1,"minecraft:iron_ore":23,"minecraft:wheat":2,"minecraft:stripped_oak_wood":1,"minecraft:azure_bluet":1,"minecraft:bell":3,"minecraft:grass":125,"minecraft:bookshelf":4,"minecraft:oak_log":78,"minecraft:coal_ore":19,"minecraft:oak_fence_gate":1,"minecraft:sunflower":3,"minecraft:dirt":385,"minecraft:stone":74,"minecraft:oak_leaves":12},"minecraft:crafted":{"minecraft:cooked_beef":46,"minecraft:oak_planks":52,"minecraft:cooked_porkchop":27,"minecraft:crafting_table":3,"minecraft:iron_helmet":1,"minecraft:wooden_pickaxe":1,"minecraft:furnace":2,"minecraft:bucket":1,"minecraft:stone_axe":1,"minecraft:cooked_mutton":27,"minecraft:air":0,"minecraft:iron_boots":1,"minecraft:iron_chestplate":1,"minecraft:shield":2,"minecraft:iron_axe":1,"minecraft:stick":20,"minecraft:iron_shovel":5,"minecraft:iron_ingot":17,"minecraft:iron_pickaxe":1,"minecraft:stone_pickaxe":1,"minecraft:wooden_axe":1,"minecraft:iron_leggings":1,"minecraft:chest":1},"minecraft:used":{"minecraft:oak_fence":29,"minecraft:water_bucket":2,"minecraft:iron_shovel":1017,"minecraft:stone_pickaxe":109,"minecraft:oak_planks":4,"minecraft:shield":7,"minecraft:chest":1,"minecraft:wooden_pickaxe":16,"minecraft:iron_sword":205,"minecraft:bell":3,"minecraft:rotten_flesh":2,"minecraft:dirt":89,"minecraft:crafting_table":4,"minecraft:blast_furnace":2,"minecraft:oak_fence_gate":1,"minecraft:oak_log":3,"minecraft:wooden_axe":29,"minecraft:iron_axe":5,"minecraft:iron_pickaxe":3,"minecraft:stone_axe":123,"minecraft:cobblestone":5,"minecraft:furnace":3,"minecraft:oak_sapling":3,"minecraft:cooked_porkchop":8,"minecraft:bucket":3,"minecraft:egg":4,"minecraft:cooked_beef":8,"minecraft:dandelion":1,"minecraft:gray_wool":1},"minecraft:custom":{"minecraft:interact_with_furnace":28,"minecraft:mob_kills":70,"minecraft:animals_bred":2,"minecraft:interact_with_crafting_table":22,"minecraft:bell_ring":54,"minecraft:leave_game":2,"minecraft:time_since_death":73192,"minecraft:sleep_in_bed":2,"minecraft:climb_one_cm":448,"minecraft:time_since_rest":52153,"minecraft:sprint_one_cm":276609,"minecraft:damage_taken":1120,"minecraft:walk_one_cm":305553,"minecraft:damage_blocked_by_shield":735,"minecraft:drop":48,"minecraft:damage_dealt":6963,"minecraft:fly_one_cm":558115,"minecraft:swim_one_cm":5202,"minecraft:talked_to_villager":5,"minecraft:open_chest":32,"minecraft:crouch_one_cm":5632,"minecraft:play_time":107891,"minecraft:deaths":1,"minecraft:sneak_time":2728,"minecraft:walk_under_water_one_cm":2131,"minecraft:jump":2214,"minecraft:interact_with_blast_furnace":8,"minecraft:walk_on_water_one_cm":2294,"minecraft:total_world_time":107891,"minecraft:fall_one_cm":46961},"minecraft:broken":{"minecraft:iron_shovel":3,"minecraft:stone_axe":1},"minecraft:picked_up":{"minecraft:crafting_table":2,"minecraft:wheat":2,"minecraft:feather":10,"minecraft:azure_bluet":2,"minecraft:chicken":16,"minecraft:salmon":2,"minecraft:leather":26,"minecraft:lead":2,"minecraft:oak_log":105,"minecraft:shield":1,"minecraft:cornflower":1,"minecraft:string":1,"minecraft:dirt":1032,"minecraft:bone":2,"minecraft:apple":1,"minecraft:wheat_seeds":37,"minecraft:bell":3,"minecraft:iron_ingot":63,"minecraft:beef":74,"minecraft:oak_fence_gate":3,"minecraft:stone_pickaxe":1,"minecraft:stripped_oak_wood":1,"minecraft:poppy":1,"minecraft:lectern":2,"minecraft:iron_sword":2,"minecraft:furnace":1,"minecraft:egg":8,"minecraft:book":24,"minecraft:stick":11,"minecraft:raw_iron":33,"minecraft:cooked_porkchop":1,"minecraft:oak_fence":110,"minecraft:torch":12,"minecraft:dandelion":10,"minecraft:gravel":20,"minecraft:porkchop":78,"minecraft:blast_furnace":3,"minecraft:spider_eye":3,"minecraft:arrow":2,"minecraft:rotten_flesh":10,"minecraft:stone_axe":1,"minecraft:granite":2,"minecraft:gray_wool":3,"minecraft:oak_sapling":7,"minecraft:black_wool":4,"minecraft:mutton":52,"minecraft:coal":59,"minecraft:white_wool":32,"minecraft:cobblestone":142,"minecraft:sunflower":6}},"DataVersion":3465}