{"stats":{"minecraft:used":{"minecraft:oak_trapdoor":2,"minecraft:iron_shovel":96,"minecraft:flint_and_steel":1,"minecraft:chest":8,"minecraft:shield":29,"minecraft:iron_sword":252,"minecraft:bell":4,"minecraft:cooked_chicken":5,"minecraft:iron_chestplate":3,"minecraft:torch":14,"minecraft:dirt":482,"minecraft:hopper":8,"minecraft:carrot":96,"minecraft:tuff":1,"minecraft:iron_hoe":247,"minecraft:lava_bucket":11,"minecraft:iron_axe":169,"minecraft:iron_helmet":1,"minecraft:iron_boots":2,"minecraft:barrel":8,"minecraft:stone_bricks":12,"minecraft:tripwire_hook":2,"minecraft:furnace":7,"minecraft:egg":3,"minecraft:cooked_beef":4,"minecraft:potato":100,"minecraft:cobbled_deepslate":25,"minecraft:pointed_dripstone":1,"minecraft:iron_leggings":2,"minecraft:wheat_seeds":127,"minecraft:cooked_mutton":9,"minecraft:water_bucket":36,"minecraft:oak_planks":316,"minecraft:stonecutter":1,"minecraft:crafting_table":7,"minecraft:white_bed":43,"minecraft:dripstone_block":1,"minecraft:shears":177,"minecraft:oak_log":1,"minecraft:lever":1,"minecraft:bread":1,"minecraft:string":3,"minecraft:iron_pickaxe":661,"minecraft:gravel":4,"minecraft:fishing_rod":13,"minecraft:cobblestone":85,"minecraft:grindstone":2,"minecraft:cooked_porkchop":26,"minecraft:andesite":4,"minecraft:bucket":48,"minecraft:yellow_bed":2,"minecraft:oak_boat":1},"minecraft:broken":{"minecraft:iron_pickaxe":2},"minecraft:killed_by":{"minecraft:iron_golem":2},"minecraft:crafted":{"minecraft:oak_planks":604,"minecraft:barrel":3,"minecraft:fishing_rod":1,"minecraft:tripwire_hook":2,"minecraft:cooked_chicken":5,"minecraft:furnace":5,"minecraft:stone":82,"minecraft:lever":1,"minecraft:cooked_mutton":34,"minecraft:flint_and_steel":1,"minecraft:oak_trapdoor":2,"minecraft:hopper":8,"minecraft:iron_boots":1,"minecraft:iron_axe":1,"minecraft:iron_hoe":1,"minecraft:chest":15,"minecraft:wheat":387,"minecraft:oak_slab":6,"minecraft:emerald":96,"minecraft:cooked_porkchop":26,"minecraft:crafting_table":2,"minecraft:iron_helmet":1,"minecraft:bucket":9,"minecraft:bread":129,"minecraft:air":0,"minecraft:oak_boat":1,"minecraft:white_wool":128,"minecraft:charcoal":14,"minecraft:stick":72,"minecraft:iron_ingot":139,"minecraft:iron_pickaxe":4,"minecraft:gold_ingot":3,"minecraft:iron_shovel":1,"minecraft:iron_leggings":1,"minecraft:white_bed":39,"minecraft:torch":8,"minecraft:shears":1},"minecraft:mined":{"minecraft:tuff":1,"minecraft:white_bed":4,"minecraft:deepslate_diamond_ore":3,"minecraft:grass_block":104,"minecraft:oak_pressure_plate":1,"minecraft:composter":3,"minecraft:hay_block":43,"minecraft:furnace":3,"minecraft:carrots":34,"minecraft:barrel":5,"minecraft:iron_ore":129,"minecraft:cobbled_deepslate":20,"minecraft:andesite":4,"minecraft:bell":4,"minecraft:pointed_dripstone":4,"minecraft:potatoes":40,"minecraft:deepslate_iron_ore":10,"minecraft:dirt_path":13,"minecraft:oak_stairs":2,"minecraft:stone":215,"minecraft:tripwire":1,"minecraft:dandelion":5,"minecraft:oak_fence":4,"minecraft:crafting_table":6,"minecraft:cornflower":1,"minecraft:torch":6,"minecraft:chest":1,"minecraft:cobblestone":22,"minecraft:tall_grass":28,"minecraft:deepslate_gold_ore":1,"minecraft:grindstone":2,"minecraft:oak_planks":29,"minecraft:wall_torch":4,"minecraft:wheat":78,"minecraft:stripped_oak_wood":1,"minecraft:yellow_bed":2,"minecraft:grass":368,"minecraft:oak_log":123,"minecraft:coal_ore":210,"minecraft:beetroots":5,"minecraft:gravel":13,"minecraft:dripstone_block":13,"minecraft:dirt":31,"minecraft:stone_bricks":12,"minecraft:stonecutter":1,"minecraft:gold_ore":2,"minecraft:oak_leaves":189,"minecraft:deepslate":4},"minecraft:killed":{"minecraft:spider":2,"minecraft:skeleton":10,"minecraft:chicken":5,"minecraft:pig":11,"minecraft:iron_golem":6,"minecraft:creeper":3,"minecraft:sheep":22,"minecraft:zombie":17},"minecraft:dropped":{"minecraft:iron_ingot":51,"minecraft:bread":359,"minecraft:iron_sword":1,"minecraft:wheat_seeds":3,"minecraft:oak_fence":36,"minecraft:string":129,"minecraft:rotten_flesh":6,"minecraft:poppy":3,"minecraft:oak_fence_gate":1},"minecraft:picked_up":{"minecraft:crafting_table":9,"minecraft:iron_chestplate":3,"minecraft:wheat":49,"minecraft:azure_bluet":1,"minecraft:chicken":7,"minecraft:oak_stairs":2,"minecraft:shield":3,"minecraft:cornflower":2,"minecraft:string":503,"minecraft:iron_axe":2,"minecraft:iron_leggings":1,"minecraft:pufferfish":4,"minecraft:beetroot":4,"minecraft:cobbled_deepslate":37,"minecraft:bucket":1,"minecraft:oak_boat":1,"minecraft:poppy":7,"minecraft:iron_pickaxe":2,"minecraft:chest":1,"minecraft:iron_boots":1,"minecraft:egg":3,"minecraft:furnace":3,"minecraft:stick":73,"minecraft:raw_iron":273,"minecraft:composter":3,"minecraft:oak_fence":40,"minecraft:torch":33,"minecraft:porkchop":42,"minecraft:pointed_dripstone":16,"minecraft:carrot":104,"minecraft:rotten_flesh":9,"minecraft:arrow":16,"minecraft:beetroot_seeds":16,"minecraft:hay_block":43,"minecraft:mutton":57,"minecraft:cod":2,"minecraft:cobblestone":271,"minecraft:white_wool":49,"minecraft:oxeye_daisy":1,"minecraft:feather":6,"minecraft:cooked_beef":13,"minecraft:water_bucket":1,"minecraft:salmon":3,"minecraft:andesite":4,"minecraft:potato":111,"minecraft:flint":1,"minecraft:tuff":1,"minecraft:oak_log":123,"minecraft:yellow_bed":2,"minecraft:gunpowder":3,"minecraft:dirt":1026,"minecraft:cooked_mutton":29,"minecraft:bone":14,"minecraft:apple":7,"minecraft:stone_bricks":12,"minecraft:bow":1,"minecraft:stonecutter":1,"minecraft:wheat_seeds":223,"minecraft:raw_gold":6,"minecraft:bell":4,"minecraft:oak_fence_gate":1,"minecraft:grindstone":2,"minecraft:iron_ingot":26,"minecraft:stripped_oak_wood":1,"minecraft:oak_planks":83,"minecraft:iron_sword":3,"minecraft:dandelion":16,"minecraft:oak_pressure_plate":1,"minecraft:dripstone_block":13,"minecraft:gravel":13,"minecraft:white_bed":4,"minecraft:barrel":5,"minecraft:spider_eye":1,"minecraft:diamond":5,"minecraft:iron_helmet":1,"minecraft:emerald":96,"minecraft:gray_wool":1,"minecraft:bread":231,"minecraft:oak_sapling":6,"minecraft:black_wool":2,"minecraft:coal":329,"minecraft:oak_leaves":176},"minecraft:custom":{"minecraft:mob_kills":77,"minecraft:animals_bred":9,"minecraft:inspect_hopper":39,"minecraft:interact_with_crafting_table":36,"minecraft:open_barrel":1,"minecraft:bell_ring":23,"minecraft:leave_game":2,"minecraft:time_since_death":32559,"minecraft:climb_one_cm":704,"minecraft:sprint_one_cm":693660,"minecraft:walk_one_cm":633504,"minecraft:damage_blocked_by_shield":1485,"minecraft:drop":159,"minecraft:talked_to_villager":21,"minecraft:play_time":220495,"minecraft:deaths":3,"minecraft:sneak_time":6284,"minecraft:walk_under_water_one_cm":24921,"minecraft:boat_one_cm":3603,"minecraft:jump":4565,"minecraft:interact_with_brewingstand":1,"minecraft:walk_on_water_one_cm":51109,"minecraft:total_world_time":220495,"minecraft:interact_with_furnace":135,"minecraft:traded_with_villager":96,"minecraft:interact_with_stonecutter":1,"minecraft:sleep_in_bed":12,"minecraft:time_since_rest":37,"minecraft:damage_taken":3139,"minecraft:damage_dealt":15635,"minecraft:swim_one_cm":22729,"minecraft:fly_one_cm":1076476,"minecraft:open_chest":136,"minecraft:crouch_one_cm":18938,"minecraft:fish_caught":9,"minecraft:fall_one_cm":91468}},"DataVersion":3465}