{"stats":{"minecraft:killed":{"minecraft:spider":2,"minecraft:skeleton":3,"minecraft:chicken":5,"minecraft:pig":11,"minecraft:iron_golem":1,"minecraft:creeper":1,"minecraft:sheep":22,"minecraft:zombie":8},"minecraft:killed_by":{"minecraft:iron_golem":1},"minecraft:dropped":{"minecraft:iron_ingot":51,"minecraft:bread":359,"minecraft:iron_sword":1,"minecraft:wheat_seeds":1,"minecraft:oak_fence":36,"minecraft:rotten_flesh":2,"minecraft:oak_fence_gate":1},"minecraft:mined":{"minecraft:white_bed":3,"minecraft:deepslate_diamond_ore":2,"minecraft:grass_block":103,"minecraft:oak_pressure_plate":1,"minecraft:composter":3,"minecraft:hay_block":43,"minecraft:furnace":3,"minecraft:carrots":18,"minecraft:iron_ore":129,"minecraft:andesite":4,"minecraft:potatoes":21,"minecraft:deepslate_iron_ore":10,"minecraft:dirt_path":7,"minecraft:oak_stairs":2,"minecraft:stone":215,"minecraft:dandelion":5,"minecraft:oak_fence":4,"minecraft:crafting_table":5,"minecraft:cornflower":1,"minecraft:torch":6,"minecraft:tall_grass":28,"minecraft:cobblestone":22,"minecraft:deepslate_gold_ore":1,"minecraft:grindstone":1,"minecraft:oak_planks":23,"minecraft:wall_torch":4,"minecraft:wheat":32,"minecraft:stripped_oak_wood":1,"minecraft:yellow_bed":2,"minecraft:grass":357,"minecraft:coal_ore":210,"minecraft:oak_log":121,"minecraft:beetroots":5,"minecraft:dirt":31,"minecraft:stonecutter":1,"minecraft:gold_ore":2,"minecraft:oak_leaves":13,"minecraft:deepslate":1},"minecraft:crafted":{"minecraft:oak_planks":500,"minecraft:tripwire_hook":2,"minecraft:cooked_chicken":5,"minecraft:furnace":5,"minecraft:stone":82,"minecraft:lever":1,"minecraft:cooked_mutton":34,"minecraft:oak_trapdoor":2,"minecraft:hopper":8,"minecraft:iron_boots":1,"minecraft:iron_axe":1,"minecraft:iron_hoe":1,"minecraft:chest":13,"minecraft:wheat":387,"minecraft:cooked_porkchop":26,"minecraft:crafting_table":2,"minecraft:iron_helmet":1,"minecraft:bucket":1,"minecraft:bread":129,"minecraft:air":0,"minecraft:charcoal":14,"minecraft:stick":72,"minecraft:iron_ingot":139,"minecraft:iron_pickaxe":3,"minecraft:iron_shovel":1,"minecraft:iron_leggings":1,"minecraft:gold_ingot":3,"minecraft:white_bed":6,"minecraft:torch":8,"minecraft:shears":1},"minecraft:used":{"minecraft:oak_trapdoor":2,"minecraft:iron_shovel":96,"minecraft:chest":5,"minecraft:shield":13,"minecraft:iron_sword":137,"minecraft:cooked_chicken":5,"minecraft:iron_chestplate":2,"minecraft:torch":14,"minecraft:dirt":475,"minecraft:hopper":8,"minecraft:carrot":44,"minecraft:iron_hoe":247,"minecraft:iron_axe":154,"minecraft:iron_helmet":1,"minecraft:iron_boots":1,"minecraft:tripwire_hook":2,"minecraft:furnace":7,"minecraft:egg":2,"minecraft:potato":37,"minecraft:cooked_beef":4,"minecraft:cobbled_deepslate":1,"minecraft:iron_leggings":1,"minecraft:wheat_seeds":79,"minecraft:water_bucket":22,"minecraft:oak_planks":310,"minecraft:stonecutter":1,"minecraft:crafting_table":6,"minecraft:white_bed":9,"minecraft:shears":1,"minecraft:oak_log":1,"minecraft:lever":1,"minecraft:bread":1,"minecraft:string":2,"minecraft:iron_pickaxe":602,"minecraft:gravel":1,"minecraft:cobblestone":85,"minecraft:cooked_porkchop":11,"minecraft:grindstone":1,"minecraft:bucket":23,"minecraft:andesite":4,"minecraft:yellow_bed":2},"minecraft:custom":{"minecraft:mob_kills":54,"minecraft:inspect_hopper":11,"minecraft:interact_with_crafting_table":26,"minecraft:bell_ring":1,"minecraft:leave_game":1,"minecraft:time_since_death":69714,"minecraft:climb_one_cm":704,"minecraft:sprint_one_cm":359994,"minecraft:walk_one_cm":392558,"minecraft:damage_blocked_by_shield":480,"minecraft:drop":33,"minecraft:talked_to_villager":6,"minecraft:play_time":120602,"minecraft:deaths":2,"minecraft:sneak_time":3957,"minecraft:walk_under_water_one_cm":17847,"minecraft:jump":2400,"minecraft:interact_with_brewingstand":1,"minecraft:walk_on_water_one_cm":29693,"minecraft:total_world_time":120602,"minecraft:interact_with_furnace":129,"minecraft:interact_with_stonecutter":1,"minecraft:sleep_in_bed":4,"minecraft:time_since_rest":6777,"minecraft:damage_taken":1558,"minecraft:damage_dealt":7370,"minecraft:fly_one_cm":536368,"minecraft:swim_one_cm":14044,"minecraft:open_chest":48,"minecraft:crouch_one_cm":10091,"minecraft:fall_one_cm":54577},"minecraft:broken":{"minecraft:iron_pickaxe":1},"minecraft:picked_up":{"minecraft:crafting_table":7,"minecraft:iron_chestplate":2,"minecraft:wheat":13,"minecraft:azure_bluet":1,"minecraft:chicken":7,"minecraft:oak_stairs":2,"minecraft:shield":2,"minecraft:cornflower":2,"minecraft:string":356,"minecraft:iron_axe":1,"minecraft:beetroot":4,"minecraft:cobbled_deepslate":1,"minecraft:bucket":1,"minecraft:poppy":1,"minecraft:iron_pickaxe":1,"minecraft:furnace":3,"minecraft:egg":2,"minecraft:stick":21,"minecraft:raw_iron":273,"minecraft:composter":3,"minecraft:oak_fence":40,"minecraft:torch":23,"minecraft:porkchop":42,"minecraft:carrot":44,"minecraft:rotten_flesh":5,"minecraft:arrow":5,"minecraft:beetroot_seeds":16,"minecraft:hay_block":43,"minecraft:mutton":57,"minecraft:cobblestone":271,"minecraft:white_wool":34,"minecraft:oxeye_daisy":1,"minecraft:feather":6,"minecraft:cooked_beef":13,"minecraft:andesite":4,"minecraft:potato":37,"minecraft:oak_log":121,"minecraft:yellow_bed":2,"minecraft:gunpowder":1,"minecraft:dirt":1019,"minecraft:bone":4,"minecraft:apple":7,"minecraft:stonecutter":1,"minecraft:wheat_seeds":109,"minecraft:raw_gold":6,"minecraft:iron_ingot":4,"minecraft:grindstone":1,"minecraft:oak_fence_gate":1,"minecraft:stripped_oak_wood":1,"minecraft:oak_planks":40,"minecraft:iron_sword":2,"minecraft:dandelion":16,"minecraft:oak_pressure_plate":1,"minecraft:gravel":1,"minecraft:white_bed":3,"minecraft:spider_eye":1,"minecraft:diamond":4,"minecraft:gray_wool":1,"minecraft:bread":231,"minecraft:oak_sapling":6,"minecraft:black_wool":2,"minecraft:coal":329}},"DataVersion":3465}